<code_scheme name="Default" version="173">
  <option name="OTHER_INDENT_OPTIONS">
    <value>
      <option name="INDENT_SIZE" value="2" />
      <option name="TAB_SIZE" value="2" />
    </value>
  </option>
  <GoCodeStyleSettings>
    <option name="REMOVE_REDUNDANT_IMPORT_ALIASES" value="true" />
    <option name="LOCAL_PACKAGE_PREFIXES" />
  </GoCodeStyleSettings>
  <SqlCodeStyleSettings version="6">
    <option name="KEYWORD_CASE" value="2" />
    <option name="IDENTIFIER_CASE" value="1" />
    <option name="TYPE_CASE" value="2" />
    <option name="ALIAS_CASE" value="1" />
    <option name="QUOTE_IDENTIFIER" value="1" />
    <option name="QUERY_EL_LINE" value="101" />
    <option name="EXPR_CASE_THEN_WRAP" value="true" />
  </SqlCodeStyleSettings>
  <codeStyleSettings language="CSS">
    <indentOptions>
      <option name="INDENT_SIZE" value="2" />
      <option name="CONTINUATION_INDENT_SIZE" value="2" />
      <option name="TAB_SIZE" value="2" />
    </indentOptions>
  </codeStyleSettings>
  <codeStyleSettings language="HTML">
    <indentOptions>
      <option name="INDENT_SIZE" value="2" />
      <option name="CONTINUATION_INDENT_SIZE" value="2" />
      <option name="TAB_SIZE" value="2" />
    </indentOptions>
  </codeStyleSettings>
  <codeStyleSettings language="JSON">
    <indentOptions>
      <option name="CONTINUATION_INDENT_SIZE" value="2" />
      <option name="TAB_SIZE" value="2" />
    </indentOptions>
  </codeStyleSettings>
  <codeStyleSettings language="JavaScript">
    <indentOptions>
      <option name="INDENT_SIZE" value="2" />
      <option name="CONTINUATION_INDENT_SIZE" value="2" />
      <option name="TAB_SIZE" value="2" />
    </indentOptions>
  </codeStyleSettings>
  <codeStyleSettings language="Makefile">
    <indentOptions>
      <option name="INDENT_SIZE" value="2" />
      <option name="TAB_SIZE" value="2" />
    </indentOptions>
  </codeStyleSettings>
  <codeStyleSettings language="Markdown">
    <indentOptions>
      <option name="INDENT_SIZE" value="2" />
      <option name="CONTINUATION_INDENT_SIZE" value="2" />
      <option name="TAB_SIZE" value="2" />
    </indentOptions>
  </codeStyleSettings>
  <codeStyleSettings language="SQL">
    <indentOptions>
      <option name="INDENT_SIZE" value="2" />
      <option name="CONTINUATION_INDENT_SIZE" value="2" />
      <option name="TAB_SIZE" value="2" />
    </indentOptions>
  </codeStyleSettings>
  <codeStyleSettings language="TypeScript">
    <indentOptions>
      <option name="INDENT_SIZE" value="2" />
      <option name="CONTINUATION_INDENT_SIZE" value="2" />
      <option name="TAB_SIZE" value="2" />
    </indentOptions>
  </codeStyleSettings>
  <codeStyleSettings language="XML">
    <indentOptions>
      <option name="INDENT_SIZE" value="2" />
      <option name="CONTINUATION_INDENT_SIZE" value="2" />
      <option name="TAB_SIZE" value="2" />
    </indentOptions>
  </codeStyleSettings>
  <codeStyleSettings language="go">
    <indentOptions>
      <option name="INDENT_SIZE" value="2" />
      <option name="CONTINUATION_INDENT_SIZE" value="2" />
      <option name="TAB_SIZE" value="2" />
      <option name="SMART_TABS" value="true" />
    </indentOptions>
  </codeStyleSettings>
  <codeStyleSettings language="yaml">
    <option name="SPACE_WITHIN_BRACKETS" value="false" />
    <option name="SPACE_WITHIN_BRACES" value="false" />
  </codeStyleSettings>
</code_scheme>